"ABUNDANCE_PARTICLES_TYPES";"Classes of abundance of volcanic glasses in the sand and coarse silt fraction, see table 8.79 WRB 4th edition 2022" 
"ACCUMULATION_TYPES";"Types of accumulation of organic matter" 
"ACTIVE_CACO3_CONTENT_METHODS";"Laboratory methods used for active CaCO3 evaluation" 
"ACTIVITIES";"Geomorphic features: types of landform activities" 
"AGGREGATE_FORMATION";"Classes of soil aggregate formation after additions or after in-situ human alterations, see table 8.90 WRB 4th edition 2022" 
"AGGREGATE_PENETRABILITY";"Classes of aggregate penetrability for roots, see table 8.44 WRB 4th edition 2022" 
"AGGREGATE_SIZES";"Classes of aggregate size, see table 8.45 WRB 4th edition 2022" 
"ALLUVIAL_TEPHRA";"Types of layer composition of alluvial sediments or of tephra, see table 8.26 WRB 4th edition 2022" 
"HUMAN_ALTERATIONS_TYPES";"Types of in situ human alteration, see table 8.89 WRB 4th edition 2022" 
"ANIMAL_ACTIVITY_TYPES";"Types of animal activities, see table 8.87 WRB 4th edition 2022" 
"ARRANGEMENT";"Classes of spatial arrangement of surface cracks" 
"ARTEFACT_SIZES";"Types of artefact sizes, see table 8.37 WRB 4th edition 2022" 
"ARTEFACT_TYPES";"Types of artefact, see table 8.36 WRB 4th edition 2022" 
"BOUNDARIES";"Classes of distinctness of the layers lower boundary, see table 8.30 WRB 4th edition 2022" 
"BULK_DENSITY_METHODS";"Laboratory methods used to evaluate bulk density" 
"CACO3_CONTENT_METHODS";"Laboratory methods used to evaluate CaCO3" 
"CARBONATE_CONTENTS";"Classes of carbonate contents, see table 8.62 WRB 4th edition 2022" 
"CEC_CA_MG_NA_K_METHODS";"Laboratory methods used to evaluate CEC, Ca, Mg, Na, K" 
"CEMENTATION_CLASSES";"Classes of cementation in layer consistence, see table 8.73 WRB 4th edition 2022" 
"CEMENTING_AGENTS";"Classes of cementing agents in layer consistence, see table 8.35 WRB 4th edition 2022" 
"CLASSIFICATION_SYSTEMS";"Soil Classification systems" 
"CLIMATE_KOPPEN";"Classes of climate according to Köppen (1936)" 
"COARSE_SIZES";"Classes of coarse fragments size" 
"CONSERVATION_MEASURE_TYPES";"Surface - types of conservation measure" 
"CONTINUITY_SALINE_EFFLLORESCENCE_TYPES";"Types of saline efflorescence on soil surface" 
"CORINE";"Classes of corine land cover" 
"CRACKS_CONTINUITY";"Classes of continuity of cracks in layers, see table 8.50 WRB 4th edition 2022" 
"CRYOGENIC_ALTERATION";"Classes of cryogenic alterations in layer permafrost, see table 8.81 WRB 4th edition 2022" 
"CULTIVATION_TYPES";"Types of cultivations" 
"CURRENT_WEATHER";"Types of current weather conditions" 
"DEAD_PLANT_TYPES";"Classes of dead residues of specific plants see table 8.93 WRB 4th edition 2022" 
"DIRECTION_OF_PLOUGHING_TYPES";"Land preparation - directions of ploughing" 
"DISTANCE_TYPES";"Classes of distances between surface cracks" 
"DNFC_SIZES";"Classes of size of secondary silica (only DN and FC), see table 8.68 WRB 4th edition 2022" 
"DRAINAGE_CONDITIONS";"Surface drainage conditions" 
"ECOZONE_SHULTZ";"Ecozones according to Schultz (2005 adapted)" 
"EL_CONDUCTIVITY_PH_METHODS";"Laboratory methods used to evaluate Electrical conductivity" 
"EROSION_ACTIVITY";"Types of surface unevenness erosion activities" 
"EROSION_DEGREE";"Types of surface unevenness erosion degree" 
"EROSION_TYPES";"Types of surface unevenness erosion" 
"EXCHANGEABLE_CATIONS_METHODS";"Laboratory methods used to evaluate exchangeable cations" 
"FE_TOT_METHODS";"Laboratory methods used to evaluate total Fe" 
"FORM_COATINGS";"Types of form of clay coating in layers, see table 14 in FAO 2006" 
"GROUND_FORMS";"Surface, types of patterned ground form" 
"GYPSUM_CONTENT_METHODS";"Laboratory methods used to evaluate gypsum content" 
"GYPSUM_CONTENT_TYPES";"Types of Gypsum content in a soil matrix (only in layers with little readily soluble salts), see table 8.66 4th edition 2022" 
"G_CLASSIFICATION_SYSTEMS";"Classification systems used for texture of fine earth" 
"HUMAN_MADE_TYPES";"Types of human-made surface unevenness" 
"HYDRAULIC_CONDUCTIVITY_METHODS";"Laboratory methods used to evaluate hydraulic conductivity" 
"IRRIGATION_TYPES";"Types of irrigation" 
"LANDFORMS";"Geomorphic features: land form types" 
"LITHOGENIC_SIZES";"Classes of sizes of lithogenic variegates, classes indicate the average length of the greatest dimension, see table 8.52 WRB 4th edition 2022" 
"L_SLOPE_SHAPE";"Layer: types of slope shape" 
"MANNER_FAILURE";"Types of manner of failure (brittleness) in layer consistence, see table 8.76 WRB 4th edition 2022" 
"MINERAL_SHAPES";"Types of mineral shapes, see table 15 FAO 2006" 
"MINERAL_SIZES";"Classes of mineral sizes, see table 15 FAO 2006" 
"MEASURE_UNITS";"Unit of measure (UoM) of values in SIS Measures" 
"MN_ZN_CU_METHODS";"Laboratory methods used to evaluate Mn, Zn, Cu" 
"MOTTLES_BOUNDARY_TYPES";"Types of layer redoximorphic mottles boundary see table 35 in FAO 2006" 
"MOTTLES_CONTRAST";"Types of layer redoximorphic mottles contrast, see table 34 in FAO 2006" 
"NATURAL_MATERIAL_TYPES";"Types of artificial additions of natural material, see table 8.88 WRB 4th edition 2022" 
"NATURAL_SURFACE_ALTERATIONS_TYPES";"Types of natural surface alterations" 
"NATURAL_TYPES";"Types of natural surface unevenness" 
"NH4_METHODS";"Laboratory methods used to evaluate NH4" 
"NO3_METHODS";"Laboratory methods used to evaluate NO3" 
"NONMATRIX_PORES_TYPES";"Types of non-matrix pores, see table 8.46 WRB 4th edition 2022" 
"N_CONTENT_METHODS";"Laboratory methods used to evaluate N content" 
"ORGANIC_CARBON_METHODS";"Laboratory methods used to evaluate organic carbon" 
"ORGANIC_COATINGS";"Types of form of organic matter coating, see table 14 FAO2006" 
"ORGANIC_MATTER_CONTENT_METHODS";"Laboratory methods used to evaluate organic matter content" 
"ORGANIC_MINERAL_TYPES";"Types of organo technic or mineral layer, see table 8.29 WRB 4th edition 2022" 
"OXIMORPHIC_CEMENTATION";"Classes of consistence of oximorphic features, see table 8.58 WRB 4th edition 2022" 
"OXIMORPHIC_SIZES";"Classes of sizes of oximorphic features, classes indicate the average length of the greatest dimension see table 8.57 WRB 4th edition 2022" 
"PACKING_DENSITIES";"Classes of layer packing density, see table 8.83 WRB 4th edition 2022" 
"PARENT_MATERIALS";"Types of parent material, see table 8.91 WRB 4th edition 2022" 
"PAST_WEATHER";"Types of past weather conditions" 
"PATTERNED_COMPACTION_TYPES";"Types of surface patterned compaction" 
"PB_HG_CD_NI_CR_AS_CO_V_METHODS";"Laboratory methods used to evaluate Pb, Hg, Cd, Ni, As, Co, V" 
"PERMAFROST_TYPES";"Types of cryogenic alterations, see table 8.81 WRB 4th edition 2022" 
"PERSISTENCE";"Classes of persistence of cracks, see table 8.49 WRB 4th edition 2022" 
"PHOTO_TARGET_TYPES";"Types of photo subjects" 
"PLASTICITY";"Type of plasticity in layer consistence" 
"POINT_DATA_TYPES";"Types of point soil data" 
"PORE_ABUNDANCE";"Classes of abundance of the non matrix pore" 
"PORE_SIZES";"Classes of sizes of the non matrix pore" 
"POSITION";"Types of profile positions" 
"POTENZIOMETRIC_MEASURES";"Potentiometric pH measurements, see table 8.71 4th edition 2022" 
"PROD_TECHNIQUES";"Special techniques to enhance site productivity in land use" 
"PROFILE_POSITION";"Types of profile positions in surface unevenness - " 
"P_CONTENT_METHODS";"Laboratory methods used to evaluate P content" 
"REDOXIMORPHIC_LOCATIONS";"Types of locations of oximorphic and reductimorphic features, see tables 8.55 and 8.56 WRB 4th edition 2022" 
"REDOXIMORPHIC_SUBSTANCES";"Types of substances of oximorphic and reductimorphic features, see tables 8.53 and 8.54 WRB 4th edition 2022" 
"RETARDED_REACTION";"Layer carbonates - types of retarded reaction with HCl, see table 8.63 WRB 4th edition 2022" 
"RH_VALUE";"Classes of Rh values, see table 8.59 WRB 4th edition 2022" 
"RIBBONLIKE_SUBSTANCES";"Classes of substances of ribbon-like accumulations, see table 8.61 WRB 4th edition 2022" 
"ROC_TOC400_METHODS";"Laboratory methods used to evaluate ROC and TOC400" 
"ROOT_ABUNDANCE_CLASSES";"Classes of abundance of roots " 
"RRCLASSES_DRY";"Classes of dry rupture resistance, see table 8.74 WRB 4th edition 2022" 
"RRCLASSES_MOIST";"Classes of moist rupture resistance, see table 8.74 WRB 4th edition 2022" 
"SAND_CONTENT_METHODS";"Laboratory methods used to evaluate sand content" 
"SB_METHODS";"Laboratory methods used to evaluate Antimony - Sb" 
"SEALING_AGENT";"Types of sealing agents of surface crusts, see table 8.78 WRB 4th edition 2022" 
"SEASON";"Seasons" 
"SECONDARY_CARBONATE_TYPES";"Types of secondary carbonates, table 8.64 WRB 4th edition 2022" 
"SECONDARY_SILICA_TYPES";"Types of secondary silica, see table 8.67 4th edition 2022" 
"GYPSUM_TYPES";"Types of Gypsum content in the soil matrix (only in layers with little readily soluble salts), see table 16 in FAO 2006" 
"SHAPES";"Shapes" 
"SHAPE_TYPES";"Types of slope shape" 
"SIGN_OF_PLOUGHING_TYPES";"Types of signs of ploughing" 
"SILT_CLAY_CONTENT_METHODS";"Laboratory methods used to evaluate for Silt and clay content" 
"SIZE_SHAPE_TYPES";"Classes of Size and shape of the coarse fragments, see table 8.33 WRB 4th edition 2022 modified by inserting 2 values for the shape field: subrounded and flat" 
"SOIL_MOIST_REGIME";"Classes of soil moisture regime" 
"SOIL_TEMP_REGIME";"Classes of soil temperature regime" 
"SOLUBLE_CATIONS_METHODS";"Laboratory methods used to evaluate " 
"STICKINESS";"Classes of stickiness, see table 55 FAO 2006" 
"STRATUM";"Types of stratum in land use" 
"STRUCTURE_GRADES";"Classes of grades of structural units, see table 8.43 WRB 4th edition 2022" 
"STRUCTURE_LEVELS";"Levels of structural units" 
"STRUCTURE_TYPES";"Types of structural units, see table 8.42 WRB 4th edition 2022" 
"SUBDVISION_HORIZON";"Types of Subdivisions of the Oa horizon, see table 8.92 WRB 4th edition 2022" 
"SURFACE_CRACKS_PERSISTENCE";"Classes of persistence of surface cracks" 
"SURVEY_METHODS";"Survey methods" 
"SUSCEPTIBILITY";"Classes of susceptibility for cementation, see table 8.75 WRB 4th edition 2022" 
"TECHNOGENIC_DEBRIS_COVER_TYPES";"Types of technogenic debris cover" 
"TECH_ALTERATIONS";"Classes of technical surface alterations" 
"TEXTURE_CLASSES";"Classes of Texture, see table 8.39 WRB 4th edition 2022" 
"TEXTURE_SUBCLASSES";"Subclasses of texture classes for sand and loamy sand, see table 8.40 WRB 4th edition 2022" 
"THIXOTROPY_NAF";"Classes of thixotropy and NaF field test, see table 8.80 WRB 4th edition 2022" 
"TILLAGE_MODE";"Types of tillage modes" 
"USES";"Land Uses" 
"USE_OF_INPUT";"Surface - Types of use of inputs" 
"VEGETATION_TYPES";"Types of not cultivated vegetation" 
"WATER_ABOVE";"Classes of presence of water" 
"WATER_REPELLENCE";"Classes of water repellence" 
"WATER_SATURATION";"Classes of water saturation see table 8.27 WRB 4th edition 2022" 
"WATER_STATUS";"Classes of soil water status see table 8.28 WRB 4th edition 2022" 
"WEATHERING_STAGE";"Types of weathering stage of size and shape, see table 8.34 WRB 4th edition 2022" 
"WIDTH_TYPES";"Classes of surface cracks width" 
"WILTING_POINT_METHODS";"Laboratory methods used in soil analysis " 
"WIND";"Classes of evidence of wind deposition, see table 8.32 WRB 4th edition 2022" 